User Input,Chatbot Response,Timestamp
hey,"I'm fine, thank you",2024-12-09 22:28:47
how are you,Nothing much,2024-12-09 22:28:54
who is albert einstien,Nothing much,2024-12-09 22:29:04
what is today's date,"Blockchain offers benefits such as transparency, security, reduced intermediaries, and potential applications beyond finance.",2024-12-09 22:29:13
what is blockchain,Virtual currencies like Bitcoin are decentralized digital assets that operate on blockchain technology.,2024-12-09 22:29:25
whatt,Hey,2024-12-09 22:29:30
hello,Hello,2024-12-09 22:29:37
how are you,Hey,2024-12-09 22:29:43
how u doing,Hi there,2024-12-09 22:29:50
tell me about self care,"Self-care involves taking care of one's physical, emotional, and mental well-being.",2024-12-09 22:32:08
why is data security important,"Protecting personal information online involves using strong passwords, enabling two-factor authentication, and being cautious about sharing sensitive data.",2024-12-09 22:32:20
what is philanthropy,Virtual currencies like Bitcoin are decentralized digital assets that operate on blockchain technology.,2024-12-09 22:32:34
philanthropy,Nothing much,2024-12-09 22:32:52
tell me about crypto,"Appreciating art involves being open-minded, observing details, understanding the context, and exploring different art movements.",2024-12-09 22:33:03
what is ,"Blockchain offers benefits such as transparency, security, reduced intermediaries, and potential applications beyond finance.",2024-12-09 22:33:16
how does entanglement work,"Quantum entanglement is a quantum phenomenon where two or more particles become connected and behave as one, even when separated by great distances.",2024-12-09 22:33:23
benefits of workout,"Workout routines can include cardio, strength training, yoga, and HIIT workouts. Find one that suits your fitness goals and preferences.",2024-12-09 22:33:35
what is your purpose,My purpose is to assist you,2024-12-10 08:17:58
hello,Nothing much,2024-12-10 08:34:47
what is your purpose,I am a chatbot,2024-12-10 08:34:55
what is cryptocurrency,Virtual currencies like Bitcoin are decentralized digital assets that operate on blockchain technology.,2024-12-10 08:35:04
